dataset,initialSpeed,finalSpeed
1,1.6798,25.5603881061955
2,1.4278,25.0217211598983
3,2.5058,25.5463044030151
4,1.4938,24.3671929579773
5,1.5772,24.5602557825019
6,1.1962,24.363092059754
7,1.9952,24.2938553746366
8,1.42,24.270208253282
9,0.8554,24.3135508526854
